"","Rank","Name","Net Worth","Age","Source","Country of Citizenship"
"1","#1","Bill Gates","$86 B","61","Microsoft","United States"
"2","#2","Warren Buffett","$75.6 B","86","Berkshire Hathaway","United States"
"3","#3","Jeff Bezos","$72.8 B","53","Amazon.com","United States"
"4","#4","Amancio Ortega","$71.3 B","81","Zara","Spain"
"5","#5","Mark Zuckerberg","$56 B","32","Facebook","United States"
"6","#6","Carlos Slim Helu","$54.5 B","77","telecom","Mexico"
"7","#7","Larry Ellison","$52.2 B","72","software","United States"
"8","#8","Charles Koch","$48.3 B","81","diversified","United States"
"9","#8","David Koch","$48.3 B","76","diversified","United States"
"10","#10","Michael Bloomberg","$47.5 B","75","Bloomberg LP","United States"
"11","#11","Bernard Arnault","$41.5 B","68","LVMH","France"
"12","#12","Larry Page","$40.7 B","44","Google","United States"
"13","#13","Sergey Brin","$39.8 B","43","Google","United States"
"14","#14","Liliane Bettencourt","$39.5 B","94","L'Oreal","France"
"15","#15","S. Robson Walton","$34.1 B","72","Wal-Mart","United States"
"16","#16","Jim Walton","$34 B","68","Wal-Mart","United States"
"17","#17","Alice Walton","$33.8 B","67","Wal-Mart","United States"
"18","#18","Wang Jianlin","$31.3 B","62","real estate","China"
"19","#19","Li Ka-shing","$31.2 B","88","diversified","Hong Kong"
"20","#20","Sheldon Adelson","$30.4 B","83","casinos","United States"
"21","#21","Steve Ballmer","$30 B","61","Microsoft","United States"
"22","#22","Jorge Paulo Lemann","$29.2 B","77","beer","Brazil"
"23","#23","Jack Ma","$28.3 B","52","e-commerce","China"
"24","#24","Beate Heister & Karl Albrecht Jr.","$27.2 B","-","supermarkets","Germany"
"25","#24","David Thomson","$27.2 B","59","media","Canada"
"26","#26","Jacqueline Mars","$27 B","77","candy","United States"
"27","#26","John Mars","$27 B","81","candy","United States"
"28","#28","Phil Knight","$26.2 B","79","Nike","United States"
"29","#29","Maria Franca Fissolo","$25.2 B","82","Nutella, chocolates","Italy"
"30","#29","George Soros","$25.2 B","86","hedge funds","United States"
"31","#31","Ma Huateng","$24.9 B","45","internet media","China"
"32","#32","Lee Shau Kee","$24.4 B","89","real estate","Hong Kong"
"33","#33","Mukesh Ambani","$23.2 B","59","petrochemicals, oil & gas","India"
"34","#34","Masayoshi Son","$21.2 B","59","internet, telecom","Japan"
"35","#35","Kjeld Kirk Kristiansen","$21.1 B","69","Lego","Denmark"
"36","#36","Georg Schaeffler","$20.7 B","52","automotive","Germany"
"37","#37","Joseph Safra","$20.5 B","78","banking","Brazil"
"38","#38","Michael Dell","$20.4 B","52","Dell computers","United States"
"39","#38","Susanne Klatten","$20.4 B","54","BMW, pharmaceuticals","Germany"
"40","#40","Len Blavatnik","$20 B","59","diversified","United States"
"41","#40","Laurene Powell Jobs","$20 B","53","Apple, Disney","United States"
"42","#42","Paul Allen","$19.9 B","64","Microsoft, investments","United States"
"43","#43","Stefan Persson","$19.6 B","69","H&M","Sweden"
"44","#44","Theo Albrecht, Jr.","$18.8 B","66","Aldi, Trader Joe's","Germany"
"45","#45","Prince Alwaleed Bin Talal Alsaud","$18.7 B","62","investments","Saudi Arabia"
"46","#46","Leonid Mikhelson","$18.4 B","61","gas, chemicals","Russia"
"47","#47","Charles Ergen","$18.3 B","64","satellite TV","United States"
"48","#47","Stefan Quandt","$18.3 B","50","BMW","Germany"
"49","#49","James Simons","$18 B","78","hedge funds","United States"
"50","#50","Leonardo Del Vecchio","$17.9 B","81","eyeglasses","Italy"
"51","#51","Alexey Mordashov","$17.5 B","51","steel, investments","Russia"
"52","#52","William Ding","$17.3 B","45","online games","China"
"53","#53","Dieter Schwarz","$17 B","77","retail","Germany"
"54","#54","Ray Dalio","$16.8 B","67","hedge funds","United States"
"55","#55","Carl Icahn","$16.6 B","81","investments","United States"
"56","#56","Lakshmi Mittal","$16.4 B","66","steel","India"
"57","#57","Serge Dassault","$16.1 B","92","diversified","France"
"58","#57","Vladimir Lisin","$16.1 B","60","steel, transport","Russia"
"59","#59","Gennady Timchenko","$16 B","64","oil, gas","Russia"
"60","#60","Wang Wei","$15.9 B","46","package delivery","China"
"61","#60","Tadashi Yanai","$15.9 B","68","fashion retail","Japan"
"62","#62","Charoen Sirivadhanabhakdi","$15.8 B","72","drinks, real estate","Thailand"
"63","#63","Francois Pinault","$15.7 B","80","luxury goods","France"
"64","#64","Hinduja family","$15.4 B","-","diversified","United Kingdom"
"65","#65","David & Simon Reuben","$15.3 B","74","investments, real estate","United Kingdom"
"66","#66","Donald Bren","$15.2 B","84","real estate","United States"
"67","#66","Alisher Usmanov","$15.2 B","63","steel, telecom, investments","Russia"
"68","#68","Lee Kun-Hee","$15.1 B","75","Samsung","South Korea"
"69","#69","Thomas & Raymond Kwok","$15 B","-","real estate","Hong Kong"
"70","#69","Joseph Lau","$15 B","65","real estate","Hong Kong"
"71","#69","Gina Rinehart","$15 B","63","mining","Australia"
"72","#72","Azim Premji","$14.9 B","71","software services","India"
"73","#73","Marcel Herrmann Telles","$14.8 B","67","beer","Brazil"
"74","#74","Vagit Alekperov","$14.5 B","66","oil","Russia"
"75","#75","Mikhail Fridman","$14.4 B","52","oil, banking, telecom","Russia"
"76","#75","Abigail Johnson","$14.4 B","55","money management","United States"
"77","#77","Pallonji Mistry","$14.3 B","87","construction","Ireland"
"78","#77","Vladimir Potanin","$14.3 B","56","metals","Russia"
"79","#79","Wang Wenyin","$14 B","49","mining, copper products","China"
"80","#80","Elon Musk","$13.9 B","45","Tesla Motors","United States"
"81","#80","Stefano Pessina","$13.9 B","75","drugstores","Italy"
"82","#82","German Larrea Mota Velasco","$13.8 B","63","mining","Mexico"
"83","#82","Thomas Peterffy","$13.8 B","72","discount brokerage","United States"
"84","#84","Iris Fontbona","$13.7 B","74","mining","Chile"
"85","#84","Dilip Shanghvi","$13.7 B","61","pharmaceuticals","India"
"86","#86","Dietrich Mateschitz","$13.4 B","72","Red Bull","Austria"
"87","#87","Harold Hamm","$13.3 B","71","oil & gas","United States"
"88","#87","Robin Li","$13.3 B","48","internet search","China"
"89","#89","Andrey Melnichenko","$13.2 B","45","coal, fertilizers","Russia"
"90","#90","Rupert Murdoch","$13.1 B","86","newspapers, TV network","United States"
"91","#90","Heinz Hermann Thiele","$13.1 B","76","brakes","Germany"
"92","#92","Steve Cohen","$13 B","60","hedge funds","United States"
"93","#92","Patrick Drahi","$13 B","53","telecom","France"
"94","#94","Henry Sy","$12.7 B","92","SM Investments Corporation","Philippines"
"95","#95","Charlene de Carvalho-Heineken","$12.6 B","62","Heineken","Netherlands"
"96","#96","Philip Anschutz","$12.5 B","77","investments","United States"
"97","#96","Ronald Perelman","$12.5 B","74","leveraged buyouts","United States"
"98","#96","Hans Rausing","$12.5 B","91","packaging","Sweden"
"99","#96","Carlos Alberto Sicupira","$12.5 B","69","beer","Brazil"
"100","#100","Klaus-Michael Kuehne","$12.4 B","79","shipping","Germany"
"101","#100","Viktor Vekselberg","$12.4 B","59","metals, energy","Russia"
"102","#102","He Xiangjian","$12.3 B","74","home appliances","China"
"103","#102","Shiv Nadar","$12.3 B","71","software services","India"
"104","#102","Takemitsu Takizaki","$12.3 B","71","sensors","Japan"
"105","#105","Aliko Dangote","$12.2 B","60","cement, sugar, flour","Nigeria"
"106","#105","Petr Kellner","$12.2 B","52","banking, insurance","Czech Republic"
"107","#105","Jim Kennedy","$12.2 B","69","media","United States"
"108","#105","Blair Parry-Okeden","$12.2 B","66","media","United States"
"109","#109","Lui Che Woo","$12.1 B","88","casinos","Hong Kong"
"110","#109","Donald Newhouse","$12.1 B","87","media","United States"
"111","#109","Samuel Newhouse, Jr.","$12.1 B","89","media","United States"
"112","#112","Stephen Schwarzman","$11.8 B","70","investments","United States"
"113","#112","Alain Wertheimer","$11.8 B","68","Chanel","France"
"114","#112","Gerard Wertheimer","$11.8 B","66","Chanel","France"
"115","#115","Robert Kuok","$11.4 B","93","palm oil, shipping, property","Malaysia"
"116","#116","Emmanuel Besnier","$11.3 B","46","cheese","France"
"117","#116","Lukas Walton","$11.3 B","30","Wal-Mart","United States"
"118","#118","Hasso Plattner","$11.2 B","73","software","Germany"
"119","#119","Eric Schmidt","$11.1 B","61","Google","United States"
"120","#120","Luis Carlos Sarmiento","$11 B","84","banking","Colombia"
"121","#120","David Tepper","$11 B","59","hedge funds","United States"
"122","#120","Udo & Harald Tschira","$11 B","-","software","Germany"
"123","#123","Alberto Bailleres Gonzalez","$10.8 B","85","mining","Mexico"
"124","#124","Dustin Moskovitz","$10.7 B","32","Facebook","United States"
"125","#125","Majid Al Futtaim","$10.6 B","-","real estate, retail","United Arab Emirates"
"126","#126","Peter Woo","$10.5 B","70","real estate","Hong Kong"
"127","#127","Andrew Beal","$10.4 B","64","banks, real estate","United States"
"128","#128","Hui Ka Yan","$10.2 B","58","real estate","China"
"129","#128","John Menard, Jr.","$10.2 B","77","home improvement stores","United States"
"130","#130","Reinhold Wuerth","$10 B","81","fasteners","Germany"
"131","#131","John Fredriksen","$9.9 B","72","shipping","Cyprus"
"132","#132","Dhanin Chearavanont","$9.7 B","77","diversified","Thailand"
"133","#133","Kumar Birla","$9.5 B","49","commodities","India"
"134","#133","Graeme Hart","$9.5 B","61","investments","New Zealand"
"135","#133","Massimiliana Landini Aleotti","$9.5 B","74","pharmaceuticals","Italy"
"136","#133","Galen Weston","$9.5 B","76","retail","Canada"
"137","#137","James Goodnight","$9.4 B","74","software","United States"
"138","#138","German Khan","$9.3 B","55","oil, banking, telecom","Russia"
"139","#139","Roman Abramovich","$9.1 B","50","steel, investments","Russia"
"140","#140","R. Budi Hartono","$9 B","76","banking, tobacco","Indonesia"
"141","#140","Dietmar Hopp","$9 B","76","software","Germany"
"142","#140","Jan Koum","$9 B","41","WhatsApp","United States"
"143","#140","James Ratcliffe","$9 B","64","chemicals","United Kingdom"
"144","#140","Yang Huiyan","$9 B","35","real estate","China"
"145","#145","Michael Hartono","$8.9 B","77","banking, tobacco","Indonesia"
"146","#145","Leonard Lauder","$8.9 B","80","Estee Lauder","United States"
"147","#145","Eyal Ofer","$8.9 B","66","real estate, shipping","Israel"
"148","#145","Mikhail Prokhorov","$8.9 B","51","investments","Russia"
"149","#149","Thomas Frist, Jr.","$8.8 B","78","health care","United States"
"150","#150","Robert & Philip Ng","$8.7 B","-","real estate","Singapore"
"151","#151","Ernesto Bertarelli","$8.6 B","51","biotech, investments","Switzerland"
"152","#151","Patrick Soon-Shiong","$8.6 B","64","pharmaceuticals","United States"
"153","#153","Harry Triguboff","$8.5 B","84","property","Australia"
"154","#154","Yao Zhenhua","$8.4 B","47","conglomerate","China"
"155","#154","Zhang Zhidong","$8.4 B","45","internet media","China"
"156","#156","Viktor Rashnikov","$8.3 B","68","steel","Russia"
"157","#156","Charles Schwab","$8.3 B","79","discount brokerage","United States"
"158","#158","Shahid Khan","$8.2 B","66","auto parts","United States"
"159","#159","Mohammed Al Amoudi","$8.1 B","70","oil, diversified","Saudi Arabia"
"160","#159","Micky Arison","$8.1 B","67","Carnival Cruises","United States"
"161","#159","James Chambers","$8.1 B","60","media","United States"
"162","#159","Xavier Niel","$8.1 B","49","internet, telecom","France"
"163","#159","Cyrus Poonawalla","$8.1 B","75","vaccines","India"
"164","#159","Katharine Rayner","$8.1 B","72","media","United States"
"165","#159","Margaretta Taylor","$8.1 B","74","media","United States"
"166","#166","Ken Griffin","$8 B","48","hedge funds","United States"
"167","#166","Herbert Kohler, Jr.","$8 B","78","plumbing fixtures","United States"
"168","#166","Uday Kotak","$8 B","58","banking","India"
"169","#166","Pierre Omidyar","$8 B","49","eBay","United States"
"170","#170","George Kaiser","$7.9 B","74","oil & gas, banking","United States"
"171","#170","John Paulson","$7.9 B","61","hedge funds","United States"
"172","#170","Eduardo Saverin","$7.9 B","35","Facebook","Brazil"
"173","#173","Edward Johnson, III.","$7.8 B","86","money management","United States"
"174","#174","Eli Broad","$7.7 B","83","investments","United States"
"175","#174","Heinrich Deichmann","$7.7 B","54","footwear","Germany"
"176","#174","Liu Qiangdong","$7.7 B","42","e-commerce","China"
"177","#174","John Malone","$7.7 B","76","cable television","United States"
"178","#174","Michael Otto","$7.7 B","74","retail, real estate","Germany"
"179","#179","Walter Droege","$7.6 B","64","consulting","Germany"
"180","#179","James Irving","$7.6 B","89","diversified","Canada"
"181","#179","Aloys Wobben","$7.6 B","65","wind turbines","Germany"
"182","#182","Gianluigi & Rafaela Aponte","$7.5 B","-","shipping","Switzerland"
"183","#182","Terry Gou","$7.5 B","66","electronics","Taiwan"
"184","#182","Stanley Kroenke","$7.5 B","69","sports, real estate","United States"
"185","#182","Sunil Mittal","$7.5 B","59","telecom","India"
"186","#186","Carl Cook","$7.4 B","54","medical devices","United States"
"187","#186","Stephen Ross","$7.4 B","76","real estate","United States"
"188","#186","August von Finck","$7.4 B","87","investments","Germany"
"189","#186","Zhou Qunfei","$7.4 B","47","smartphone screens","Hong Kong"
"190","#190","David Geffen","$7.3 B","74","movies, record labels","United States"
"191","#190","Walter Kwok","$7.3 B","66","real estate","Hong Kong"
"192","#190","Gordon Moore","$7.3 B","88","Intel","United States"
"193","#190","Dmitry Rybolovlev","$7.3 B","50","fertilizer","Russia"
"194","#194","Johann Graf","$7.2 B","70","gambling","Austria"
"195","#194","Richard Kinder","$7.2 B","72","pipelines","United States"
"196","#194","Alexei Kuzmichev","$7.2 B","54","oil, banking, telecom","Russia"
"197","#194","Hank & Doug Meijer","$7.2 B","-","supermarkets","United States"
"198","#194","Zong Qinghou","$7.2 B","71","beverages","China"
"199","#199","Silvio Berlusconi","$7 B","80","media","Italy"
"200","#199","Nicky Oppenheimer","$7 B","71","diamonds","South Africa"
"201","#201","Andrei Skoch","$6.9 B","51","steel","Russia"
"202","#202","Abdulla bin Ahmad Al Ghurair","$6.8 B","-","diversified","United Arab Emirates"
"203","#202","Sergei Galitsky","$6.8 B","49","retail","Russia"
"204","#202","Pauline MacMillan Keinath","$6.8 B","83","Cargill","United States"
"205","#202","Lei Jun","$6.8 B","47","smartphones","China"
"206","#202","Frederik Paulsen","$6.8 B","66","health care","Sweden"
"207","#202","Quek Leng Chan","$6.8 B","75","banking, property","Malaysia"
"208","#202","Melker Schorling","$6.8 B","69","investments","Sweden"
"209","#209","David Duffield","$6.7 B","76","business software","United States"
"210","#209","Michael Kadoorie","$6.7 B","75","hotels, energy","Hong Kong"
"211","#209","Li Shufu","$6.7 B","53","automobiles","China"
"212","#209","Sandra Ortega Mera","$6.7 B","48","Zara","Spain"
"213","#209","Suh Kyung-Bae","$6.7 B","54","cosmetics","South Korea"
"214","#209","Zhang Shiping","$6.7 B","70","aluminum products","China"
"215","#215","Giorgio Armani","$6.6 B","82","luxury goods","Italy"
"216","#215","John Grayken","$6.6 B","60","private equity","Ireland"
"217","#215","Liu Yongxing","$6.6 B","68","agribusiness","China"
"218","#215","Xu Shihui","$6.6 B","59","snacks, beverages","China"
"219","#219","Goh Cheng Liang","$6.5 B","89","paints","Singapore"
"220","#219","Bruce Halle","$6.5 B","86","tires","United States"
"221","#219","Ananda Krishnan","$6.5 B","79","telecoms, media, oil-services","Malaysia"
"222","#219","Richard LeFrak","$6.5 B","71","real estate","United States"
"223","#219","Iskander Makhmudov","$6.5 B","53","mining, metals, machinery","Russia"
"224","#224","John A. Sobrato","$6.4 B","77","real estate","United States"
"225","#224","Les Wexner","$6.4 B","79","retail","United States"
"226","#226","Garrett Camp","$6.3 B","38","Uber Technologies","Canada"
"227","#226","Leonid Fedun","$6.3 B","61","oil","Russia"
"228","#226","Guo Guangchang","$6.3 B","50","conglomerate","China"
"229","#226","Mikhail Gutseriev","$6.3 B","59","oil, real estate","Russia"
"230","#226","Travis Kalanick","$6.3 B","40","Uber","United States"
"231","#226","Suleiman Kerimov","$6.3 B","51","investments","Russia"
"232","#226","Carrie Perrodo","$6.3 B","66","oil","France"
"233","#226","Anders Holch Povlsen","$6.3 B","44","fashion retail","Denmark"
"234","#234","David Green","$6.2 B","75","retail","United States"
"235","#234","Robert Rowling","$6.2 B","63","investments","United States"
"236","#234","Tsai Eng-Meng","$6.2 B","60","food, beverages","Taiwan"
"237","#237","Jorn Rausing","$6.1 B","57","packaging","Sweden"
"238","#237","Johann Rupert","$6.1 B","66","luxury goods","South Africa"
"239","#239","Marian Ilitch","$6 B","84","pizza, sports team","United States"
"240","#239","Ann Walton Kroenke","$6 B","68","Wal-Mart","United States"
"241","#239","Jay Y. Lee","$6 B","48","Samsung","South Korea"
"242","#239","Pan Zhengmin","$6 B","47","electronics","China"
"243","#239","Finn Rausing","$6 B","62","packaging","Sweden"
"244","#239","Kirsten Rausing","$6 B","64","packaging","Sweden"
"245","#239","Dennis Washington","$6 B","82","construction, mining","United States"
"246","#239","Xu Chuanhua","$6 B","82","chemicals, logistics","China"
"247","#247","Francis Choi","$5.9 B","69","real estate","Hong Kong"
"248","#247","Erivan Haub","$5.9 B","84","retail","Germany"
"249","#247","Wei Jianjun","$5.9 B","53","automobiles","China"
"250","#250","Gautam Adani","$5.8 B","54","commodities, ports","India"
"251","#250","Mike Adenuga","$5.8 B","63","telecom, oil","Nigeria"
"252","#250","Maria Asuncion Aramburuzabala","$5.8 B","53","beer, investments","Mexico"
"253","#250","Daniel Gilbert","$5.8 B","55","Quicken Loans","United States"
"254","#250","John Gokongwei, Jr.","$5.8 B","90","diversified","Philippines"
"255","#250","Gong Hongjia","$5.8 B","52","investments","Hong Kong"
"256","#250","Charles Johnson","$5.8 B","84","money management","United States"
"257","#250","Ian & Richard Livingstone","$5.8 B","-","real estate","United Kingdom"
"258","#250","Hiroshi Mikitani","$5.8 B","52","online retail","Japan"
"259","#250","Augusto & Giorgio Perfetti","$5.8 B","-","candy","Italy"
"260","#250","Joseph Tsai","$5.8 B","53","e-commerce","Canada"
"261","#261","Dannine Avara","$5.7 B","53","pipelines","United States"
"262","#261","Scott Duncan","$5.7 B","34","pipelines","United States"
"263","#261","Andrew Forrest","$5.7 B","55","mining","Australia"
"264","#261","Milane Frantz","$5.7 B","47","pipelines","United States"
"265","#261","Lu Guanqiu","$5.7 B","72","conglomerate","China"
"266","#261","Ludwig Merckle","$5.7 B","52","pharmaceuticals","Germany"
"267","#261","Randa Williams","$5.7 B","55","pipelines","United States"
"268","#261","Yan Zhi","$5.7 B","44","real estate","China"
"269","#269","Brian Acton","$5.6 B","45","WhatsApp","United States"
"270","#269","Chan Laiwa","$5.6 B","76","real estate","China"
"271","#269","Richard DeVos","$5.6 B","91","Amway","United States"
"272","#269","Eva Gonda de Rivera","$5.6 B","-","beverages","Mexico"
"273","#269","Joe Lewis","$5.6 B","80","investments","United Kingdom"
"274","#269","Frank Lowy","$5.6 B","86","shopping malls","Australia"
"275","#269","Whitney MacMillan","$5.6 B","87","Cargill","United States"
"276","#269","Jim Pattison","$5.6 B","88","diversified","Canada"
"277","#269","Emanuele (Lino) Saputo","$5.6 B","80","cheese","Canada"
"278","#269","Nassef Sawiris","$5.6 B","56","construction, chemicals","Egypt"
"279","#269","Stef Wertheimer","$5.6 B","90","metalworking tools","Israel"
"280","#269","Christoffel Wiese","$5.6 B","75","retail","South Africa"
"281","#281","Leon Black","$5.5 B","65","private equity","United States"
"282","#281","Antonia Johnson","$5.5 B","73","diversified","Sweden"
"283","#281","Bruce Kovner","$5.5 B","72","hedge funds","United States"
"284","#281","Ralph Lauren","$5.5 B","77","Ralph Lauren","United States"
"285","#281","Lin Yu-lin","$5.5 B","81","real estate","Taiwan"
"286","#281","Shashi & Ravi Ruia","$5.5 B","-","diversified","India"
"287","#281","Hansjoerg Wyss","$5.5 B","82","medical devices","Switzerland"
"288","#288","Hui Wing Mau","$5.4 B","66","real estate","Hong Kong"
"289","#288","Vikram Lal","$5.4 B","75","motorcycles","India"
"290","#288","Sri Prakash Lohia","$5.4 B","64","polyester","Indonesia"
"291","#288","Sumner Redstone","$5.4 B","93","media","United States"
"292","#288","David Shaw","$5.4 B","66","hedge funds","United States"
"293","#288","Christy Walton","$5.4 B","68","Wal-Mart","United States"
"294","#294","Guenther Fielmann","$5.3 B","77","optometry","Germany"
"295","#294","Law Kar Po","$5.3 B","69","real estate","Hong Kong"
"296","#294","Ted Lerner","$5.3 B","91","real estate","United States"
"297","#294","Margarita Louis-Dreyfus","$5.3 B","54","commodities","Switzerland"
"298","#294","George Lucas","$5.3 B","72","Star Wars","United States"
"299","#294","Trevor Rees-Jones","$5.3 B","65","oil & gas","United States"
"300","#294","Odd Reitan","$5.3 B","65","retail, real estate","Norway"
"301","#294","David Sun","$5.3 B","65","computer hardware","United States"
"302","#294","John Tu","$5.3 B","75","computer hardware","United States"
"303","#303","Benu Gopal Bangur","$5.2 B","85","cement","India"
"304","#303","Juan Francisco Beckmann Vidal","$5.2 B","77","tequila","Mexico"
"305","#303","Vincent Bollore","$5.2 B","65","investments","France"
"306","#303","John Doerr","$5.2 B","65","venture capital","United States"
"307","#303","Israel Englander","$5.2 B","68","hedge funds","United States"
"308","#303","Savitri Jindal","$5.2 B","67","steel","India"
"309","#303","Jerry Jones","$5.2 B","74","Dallas Cowboys","United States"
"310","#303","Tom & Judy Love","$5.2 B","80","retail & gas stations","United States"
"311","#303","Wolfgang Marguerre","$5.2 B","76","pharmaceuticals","Germany"
"312","#303","Arnon Milchan","$5.2 B","72","movie making","Israel"
"313","#303","Pankaj Patel","$5.2 B","64","pharmaceuticals","India"
"314","#303","Maria-Elisabeth Schaeffler","$5.2 B","75","auto parts","Germany"
"315","#315","Jim Davis","$5.1 B","73","New Balance","United States"
"316","#315","Oleg Deripaska","$5.1 B","49","aluminum, utilities","Russia"
"317","#315","Ivan Glasenberg","$5.1 B","60","mining","Switzerland"
"318","#315","Rupert Johnson, Jr.","$5.1 B","76","money management","United States"
"319","#315","Robert Kraft","$5.1 B","75","New England Patriots","United States"
"320","#315","Kwee family","$5.1 B","72","Real Estate","Singapore"
"321","#315","Steven Rales","$5.1 B","66","manufacturing","United States"
"322","#315","Juan Roig","$5.1 B","67","supermarkets","Spain"
"323","#315","Bruno Schroder","$5.1 B","84","banking","United Kingdom"
"324","#324","David & Frederick Barclay","$5 B","83","media, retail","United Kingdom"
"325","#324","Pierre Bellon","$5 B","87","food services","France"
"326","#324","Richard Branson","$5 B","66","Virgin","United Kingdom"
"327","#324","Tamara Gustavson","$5 B","55","self storage","United States"
"328","#324","Henry Kravis","$5 B","73","private equity","United States"
"329","#324","Dan Olsson","$5 B","70","diversified","Sweden"
"330","#324","George Roberts","$5 B","73","private equity","United States"
"331","#324","Edward Roski, Jr.","$5 B","78","real estate","United States"
"332","#324","Wee Cho Yaw","$5 B","88","banking","Singapore"
"333","#324","Sam Zell","$5 B","75","real estate, private equity","United States"
"334","#334","Shari Arison","$4.9 B","59","Carnival Cruises","Israel"
"335","#334","Pollyanna Chu","$4.9 B","59","financial services","Hong Kong"
"336","#334","Chung Mong-Koo","$4.9 B","79","motor vehicles","South Korea"
"337","#334","Albert Frere","$4.9 B","91","investments","Belgium"
"338","#334","Kwon Hyuk-Bin","$4.9 B","43","online games","South Korea"
"339","#339","Philip & Cristina Green","$4.8 B","65","fashion retail","United Kingdom"
"340","#339","Ray Lee Hunt","$4.8 B","74","oil, real estate","United States"
"341","#339","Willi & Isolde Liebherr","$4.8 B","-","construction","Switzerland"
"342","#339","Lu Zhiqiang","$4.8 B","64","real estate","China"
"343","#339","John Overdeck","$4.8 B","47","hedge funds","United States"
"344","#339","David Siegel","$4.8 B","55","hedge funds","United States"
"345","#339","Daniel Ziff","$4.8 B","45","investments","United States"
"346","#339","Dirk Ziff","$4.8 B","53","investments","United States"
"347","#339","Robert Ziff","$4.8 B","50","investments","United States"
"348","#348","Stanley Druckenmiller","$4.7 B","63","hedge funds","United States"
"349","#348","Desh Bandhu Gupta","$4.7 B","79","pharmaceuticals","India"
"350","#348","Paul Tudor Jones, II.","$4.7 B","62","hedge funds","United States"
"351","#348","Lee Shin Cheng","$4.7 B","78","palm oil, property","Malaysia"
"352","#348","Denis O'Brien","$4.7 B","58","telecom","Ireland"
"353","#348","Pan Sutong","$4.7 B","54","real estate, finance","Hong Kong"
"354","#348","Horst Paulmann","$4.7 B","82","retail","Chile"
"355","#348","Alejandro Santo Domingo","$4.7 B","40","beer","United States"
"356","#348","Andres Santo Domingo","$4.7 B","38","beer","United States"
"357","#348","Thomas Schmidheiny","$4.7 B","71","cement","Switzerland"
"358","#348","Hong Piow Teh","$4.7 B","87","banking","Malaysia"
"359","#359","Rinat Akhmetov","$4.6 B","50","steel, coal","Ukraine"
"360","#359","Pyotr Aven","$4.6 B","62","oil, banking, telecom","Russia"
"361","#359","Rahel Blocher","$4.6 B","41","chemicals","Switzerland"
"362","#359","Charles Dolan","$4.6 B","90","cable television","United States"
"363","#359","Laurence Graff","$4.6 B","78","diamond jewelry","United Kingdom"
"364","#359","Liu Yonghao","$4.6 B","65","agribusiness","China"
"365","#359","Chairul Tanjung","$4.6 B","54","diversified","Indonesia"
"366","#359","Zhao Tao","$4.6 B","51","pharmaceuticals","Singapore"
"367","#367","Alexander Abramov","$4.5 B","58","steel, mining","Russia"
"368","#367","Clive Calder","$4.5 B","70","record label","United Kingdom"
"369","#367","Andrei Guriev","$4.5 B","57","fertilizers","Russia"
"370","#367","Arthur Irving","$4.5 B","87","oil","Canada"
"371","#367","Bidzina Ivanishvili","$4.5 B","61","investments","Georgia"
"372","#367","Micky Jagtiani","$4.5 B","65","retail","India"
"373","#367","Karl-Heinz Kipp","$4.5 B","93","retail","Germany"
"374","#367","Magdalena Martullo-Blocher","$4.5 B","48","chemicals","Switzerland"
"375","#367","Michael Platt","$4.5 B","49","hedge funds","United Kingdom"
"376","#367","Sergei Popov","$4.5 B","45","banking","Russia"
"377","#367","Mitchell Rales","$4.5 B","60","manufacturing, investments","United States"
"378","#367","Leandro Rizzuto","$4.5 B","79","consumer products","United States"
"379","#367","John Sall","$4.5 B","69","software","United States"
"380","#367","Mark Scheinberg","$4.5 B","43","online gambling","Canada"
"381","#367","Andreas von Bechtolsheim","$4.5 B","61","Google","Germany"
"382","#367","Kelcy Warren","$4.5 B","61","pipelines","United States"
"383","#367","Wu Yajun","$4.5 B","53","real estate","China"
"384","#367","M.A. Yusuff Ali","$4.5 B","61","retail","India"
"385","#385","Americo Amorim","$4.4 B","82","energy, investments","Portugal"
"386","#385","Dona Bertarelli","$4.4 B","49","biotech","Switzerland"
"387","#385","Subhash Chandra","$4.4 B","66","media","India"
"388","#385","Frits Goldschmeding","$4.4 B","83","temp agency","Netherlands"
"389","#385","Michael Herz","$4.4 B","73","coffee","Germany"
"390","#385","Wolfgang Herz","$4.4 B","66","coffee","Germany"
"391","#385","Richard Li","$4.4 B","50","telecom","Hong Kong"
"392","#385","Akira Mori","$4.4 B","80","real estate","Japan"
"393","#385","Axel Oberwelland","$4.4 B","50","candy","Germany"
"394","#385","Anthony Pratt","$4.4 B","57","packaging","Australia"
"395","#385","Karen Pritzker","$4.4 B","59","hotels, investments","United States"
"396","#385","Paolo & Gianfelice Mario Rocca","$4.4 B","-","pipe manufacturing","Italy"
"397","#385","Reinhold Schmieding","$4.4 B","62","medical devices","United States"
"398","#385","Sheldon Solow","$4.4 B","88","real estate","United States"
"399","#385","Ronda Stryker","$4.4 B","62","medical equipment","United States"
"400","#385","Tong Jinquan","$4.4 B","62","real estate","China"
"401","#385","Wang Wenxue","$4.4 B","49","real estate","China"
"402","#402","Jeffery Hildebrand","$4.3 B","58","oil","United States"
"403","#402","Jeremy Jacobs, Sr.","$4.3 B","77","concessions","United States"
"404","#402","Kim Jung-Ju","$4.3 B","49","online games","South Korea"
"405","#402","Andrei Kozitsyn","$4.3 B","56","metals","Russia"
"406","#402","Nancy Walton Laurie","$4.3 B","65","Wal-Mart","United States"
"407","#402","Gwendolyn Sontheim Meyer","$4.3 B","55","Cargill","United States"
"408","#402","Elisabeth Mohn","$4.3 B","76","publishing","Germany"
"409","#402","Jeffrey Skoll","$4.3 B","52","eBay","United States"
"410","#402","Frederick Smith","$4.3 B","72","FedEx","United States"
"411","#402","Sun Piaoyang","$4.3 B","58","pharmaceuticals","China"
"412","#402","Martin Viessmann","$4.3 B","63","heating equipment","Germany"
"413","#402","Yeung Kin-man","$4.3 B","-","electronics","Hong Kong"
"414","#414","Jeronimo Arango","$4.2 B","91","retail","Mexico"
"415","#414","David Cheriton","$4.2 B","66","Google","Canada"
"416","#414","James Dyson","$4.2 B","69","vacuums","United Kingdom"
"417","#414","Pansy Ho","$4.2 B","54","casinos","Hong Kong"
"418","#414","Martha Ingram","$4.2 B","81","book distribution, transportation","United States"
"419","#414","Michel Leclercq","$4.2 B","77","sporting goods","France"
"420","#414","Theo Mueller","$4.2 B","77","dairy","Germany"
"421","#414","Michael Pieper","$4.2 B","71","kitchen appliances","Switzerland"
"422","#414","Vichai Srivaddhanaprabha","$4.2 B","59","duty-free","Thailand"
"423","#414","Leonard Stern","$4.2 B","79","real estate","United States"
"424","#414","Keiichiro Takahara","$4.2 B","86","diapers","Japan"
"425","#414","Wang Chuanfu","$4.2 B","51","batteries, automobiles","China"
"426","#414","Samuel Yin","$4.2 B","66","diversified","Taiwan"
"427","#427","Abdulla Al Futtaim","$4.1 B","-","auto dealers, investments","United Arab Emirates"
"428","#427","Suhail Bahwan","$4.1 B","78","diversified","Oman"
"429","#427","Lam Wai Ying","$4.1 B","-","smartphone screens","Hong Kong"
"430","#427","Angela Leong","$4.1 B","56","casinos","Hong Kong"
"431","#427","Fredrik Lundberg","$4.1 B","65","real estate, investments","Sweden"
"432","#427","Ma Jianrong","$4.1 B","53","textiles, apparel","China"
"433","#427","Gabe Newell","$4.1 B","54","videogames","United States"
"434","#427","Terrence Pegula","$4.1 B","66","natural gas","United States"
"435","#427","Ira Rennert","$4.1 B","82","investments","United States"
"436","#427","J. Christopher Reyes","$4.1 B","63","food distribution","United States"
"437","#427","Jude Reyes","$4.1 B","61","food distribution","United States"
"438","#427","Kushal Pal Singh","$4.1 B","85","real estate","India"
"439","#427","Xu Bo","$4.1 B","39","mobile games","China"
"440","#427","Zhang Jindong","$4.1 B","54","appliance retailer","China"
"441","#441","Robert Bass","$4 B","69","oil, investments","United States"
"442","#441","Marc Benioff","$4 B","52","business software","United States"
"443","#441","Jean-Michel Besnier","$4 B","49","cheese","France"
"444","#441","Marie Besnier Beauvalot","$4 B","36","cheese","France"
"445","#441","John Gandel","$4 B","82","shopping malls","Australia"
"446","#441","Bertil Hult","$4 B","76","education","Sweden"
"447","#441","James Jannard","$4 B","67","sunglasses","United States"
"448","#441","Jason Jiang","$4 B","44","advertising","China"
"449","#441","Patrick Lee","$4 B","75","paper","Hong Kong"
"450","#441","Bernard Marcus","$4 B","87","Home Depot","United States"
"451","#441","Alain Merieux","$4 B","79","pharmaceuticals","France"
"452","#441","John Morris","$4 B","69","sporting goods retail","United States"
"453","#441","Bobby Murphy","$4 B","28","Snapchat","United States"
"454","#441","Isaac Perlmutter","$4 B","74","Marvel comics","United States"
"455","#441","H. Ross Perot, Sr.","$4 B","86","computer services, real estate","United States"
"456","#441","Stewart and Lynda Resnick","$4 B","-","agriculture, water","United States"
"457","#441","Robert Rich, Jr.","$4 B","76","frozen foods","United States"
"458","#441","Evan Spiegel","$4 B","26","Snapchat","United States"
"459","#441","Russ Weiner","$4 B","46","energy drinks","United States"
"460","#460","Austen Cargill, II.","$3.9 B","66","Cargill","United States"
"461","#460","James Cargill, II.","$3.9 B","68","Cargill","United States"
"462","#460","Vanich Chaiyawan","$3.9 B","85","insurance, beverages","Thailand"
"463","#460","Traudl Engelhorn","$3.9 B","-","pharmaceuticals, medical equipment","Germany"
"464","#460","Diane Hendricks","$3.9 B","70","roofing","United States"
"465","#460","Ji Changqun","$3.9 B","49","real estate","China"
"466","#460","Nathan Kirsh","$3.9 B","85","retail, real estate","Swaziland"
"467","#460","Marianne Liebmann","$3.9 B","63","Cargill","United States"
"468","#460","Luo Jye","$3.9 B","91","tires","Taiwan"
"469","#460","Mary Alice Dorrance Malone","$3.9 B","67","Campbell Soup","United States"
"470","#460","Ermirio Pereira de Moraes","$3.9 B","84","diversified","Brazil"
"471","#460","Maria Helena Moraes Scripilliti","$3.9 B","86","diversified","Brazil"
"472","#460","Naguib Sawiris","$3.9 B","62","telecom","Egypt"
"473","#460","Friede Springer","$3.9 B","74","publishing","Germany"
"474","#474","Prince Sultan bin Mohammed bin Saud Al Kabeer","$3.8 B","63","dairy farms","Saudi Arabia"
"475","#474","Stephen Bisciotti","$3.8 B","57","staffing, Baltimore Ravens","United States"
"476","#474","Nathan Blecharczyk","$3.8 B","33","Airbnb","United States"
"477","#474","Rick Caruso","$3.8 B","58","real estate","United States"
"478","#474","Bubba Cathy","$3.8 B","62","Chick-Fil-A","United States"
"479","#474","Dan Cathy","$3.8 B","64","Chick-Fil-A","United States"
"480","#474","Brian Chesky","$3.8 B","35","Airbnb","United States"
"481","#474","Giuseppe De'Longhi","$3.8 B","77","coffee makers","Italy"
"482","#474","Ralph Dommermuth","$3.8 B","53","internet service provider","Germany"
"483","#474","Joe Gebbia","$3.8 B","35","Airbnb","United States"
"484","#474","Jia Yueting","$3.8 B","44","online video","China"
"485","#474","H. Fisk Johnson","$3.8 B","58","cleaning products","United States"
"486","#474","Imogene Powers Johnson","$3.8 B","86","cleaning products","United States"
"487","#474","S. Curtis Johnson","$3.8 B","61","cleaning products","United States"
"488","#474","Helen Johnson-Leipold","$3.8 B","60","cleaning products","United States"
"489","#474","Winnie Johnson-Marquart","$3.8 B","58","cleaning products","United States"
"490","#474","Barry Lam","$3.8 B","67","electronics","Taiwan"
"491","#474","Liang Wengen","$3.8 B","60","construction equipment","China"
"492","#474","Niels Peter Louis-Hansen","$3.8 B","69","medical devices","Denmark"
"493","#474","Kalanithi Maran","$3.8 B","51","media","India"
"494","#474","Jose Roberto Marinho","$3.8 B","61","media","Brazil"
"495","#474","Roberto Irineu Marinho","$3.8 B","69","media","Brazil"
"496","#474","Clayton Mathile","$3.8 B","76","pet food","United States"
"497","#474","Siegfried Meister","$3.8 B","78","appliances","Germany"
"498","#474","Julian Robertson, Jr.","$3.8 B","84","hedge funds","United States"
"499","#474","Walter Scott, Jr.","$3.8 B","85","utilities, telecom","United States"
"500","#474","Joan Tisch","$3.8 B","89","diversified","United States"
"501","#501","Martin & Olivier Bouygues","$3.7 B","-","construction, media","France"
"502","#501","Archie Aldis Emmerson","$3.7 B","88","timberland, lumber mills","United States"
"503","#501","Juan Carlos Escotet","$3.7 B","57","banking","Venezuela"
"504","#501","Ken Fisher","$3.7 B","66","money management","United States"
"505","#501","Joao Roberto Marinho","$3.7 B","63","media","Brazil"
"506","#501","Igor Olenicoff","$3.7 B","74","real estate","United States"
"507","#501","Ajay Piramal","$3.7 B","61","pharmaceuticals","India"
"508","#501","Wolfgang Reimann","$3.7 B","64","consumer goods","Germany"
"509","#501","Matthias Reimann-Andersen","$3.7 B","52","consumer goods","Germany"
"510","#501","Stefan Reimann-Andersen","$3.7 B","53","consumer goods","Germany"
"511","#501","Renate Reimann-Haas","$3.7 B","65","consumer goods","Germany"
"512","#501","Hussain Sajwani","$3.7 B","64","real estate","United Arab Emirates"
"513","#501","Vivek Chaand Sehgal","$3.7 B","60","auto parts","Australia"
"514","#501","Clemmie Spangler, Jr.","$3.7 B","85","investments","United States"
"515","#501","Jerry Speyer","$3.7 B","76","real estate","United States"
"516","#501","Steven Spielberg","$3.7 B","70","Movies","United States"
"517","#501","Lucio Tan","$3.7 B","82","diversified","Philippines"
"518","#501","Yitzhak Tshuva","$3.7 B","68","real estate","Israel"
"519","#501","Steven Udvar-Hazy","$3.7 B","71","aircraft leasing","United States"
"520","#501","Murat Ulker","$3.7 B","58","food manufacturing","Turkey"
"521","#501","Roger Wang","$3.7 B","68","retail","United States"
"522","#522","Juergen Blickle","$3.6 B","70","auto parts","Germany"
"523","#522","Vivien Chen","$3.6 B","58","real estate","Hong Kong"
"524","#522","Denise Coates","$3.6 B","49","online gambling","United Kingdom"
"525","#522","Dan Friedkin","$3.6 B","52","Toyota dealerships","United States"
"526","#522","Phillip Frost","$3.6 B","80","pharmaceuticals","United States"
"527","#522","Jimmy Haslam","$3.6 B","63","gas stations, retail","United States"
"528","#522","Huang Rulun","$3.6 B","65","real estate","China"
"529","#522","Masatoshi Ito","$3.6 B","92","retail","Japan"
"530","#522","Dmitry Kamenshchik","$3.6 B","48","airport","Russia"
"531","#522","Dominika & Sebastian Kulczyk","$3.6 B","-","diversified","Poland"
"532","#522","Masahiro Miki","$3.6 B","61","shoes","Japan"
"533","#522","Michael Milken","$3.6 B","70","investments","United States"
"534","#522","Shigenobu Nagamori","$3.6 B","72","motors","Japan"
"535","#522","Gary Rollins","$3.6 B","72","pest control","United States"
"536","#522","Randall Rollins","$3.6 B","85","pest control","United States"
"537","#522","Ricardo Salinas Pliego","$3.6 B","61","retail, media","Mexico"
"538","#522","Henry Samueli","$3.6 B","62","semiconductors","United States"
"539","#522","Bernard Saul, II.","$3.6 B","84","banking, real estate","United States"
"540","#522","Jeff Sutton","$3.6 B","57","real estate","United States"
"541","#522","Frank Wang","$3.6 B","36","drones","China"
"542","#522","Yu Huijiao","$3.6 B","51","package delivery","China"
"543","#522","Zhou Jianping","$3.6 B","56","fashion retail","China"
"544","#544","Bajaj brothers","$3.5 B","-","diversified","India"
"545","#544","Rahul Bajaj","$3.5 B","78","motorcycles","India"
"546","#544","Dagmar Dolby","$3.5 B","75","Dolby Laboratories","United States"
"547","#544","Jaime Gilinski Bacal","$3.5 B","59","banking","Colombia"
"548","#544","Antti Herlin","$3.5 B","60","elevators, escalators","Finland"
"549","#544","Daniela Herz","$3.5 B","63","coffee","Germany"
"550","#544","Guenter Herz","$3.5 B","76","coffee","Germany"
"551","#544","Peter Kellogg","$3.5 B","74","investments","United States"
"552","#544","Lars Larsen","$3.5 B","68","retail","Denmark"
"553","#544","Robert McNair","$3.5 B","80","energy, sports","United States"
"554","#544","Yuri Milner","$3.5 B","55","Facebook, investments","Russia"
"555","#544","Pang Kang","$3.5 B","61","soy sauce maker","China"
"556","#544","Ravi Pillai","$3.5 B","63","construction","India"
"557","#544","Alexandra Schoerghuber","$3.5 B","58","real estate","Germany"
"558","#544","Donald Sterling","$3.5 B","82","real estate","United States"
"559","#544","Harry Stine","$3.5 B","75","agriculture","United States"
"560","#544","Donald Trump","$3.5 B","70","television, real estate","United States"
"561","#544","George Ty","$3.5 B","84","banking","Philippines"
"562","#544","Nusli Wadia","$3.5 B","73","consumer products","India"
"563","#544","Vladimir Yevtushenkov","$3.5 B","68","telecom","Russia"
"564","#564","Andrej Babis","$3.4 B","62","agriculture","Czech Republic"
"565","#564","Che Jianxing","$3.4 B","50","furniture retailing","China"
"566","#564","Mark Cuban","$3.4 B","58","online media","United States"
"567","#564","David Filo","$3.4 B","50","Yahoo","United States"
"568","#564","Jeff Greene","$3.4 B","62","real estate, investments","United States"
"569","#564","Chang-Woo Han","$3.4 B","86","pachinko parlors","Japan"
"570","#564","Sumet Jiaravanon","$3.4 B","82","diversified","Thailand"
"571","#564","Samvel Karapetyan","$3.4 B","51","real estate","Russia"
"572","#564","Randal Kirk","$3.4 B","63","pharmaceuticals","United States"
"573","#564","Li Shuirong","$3.4 B","60","petrochemicals","China"
"574","#564","George Lindemann","$3.4 B","81","investments","United States"
"575","#564","Anthony Pritzker","$3.4 B","56","hotels, investments","United States"
"576","#564","Jay Robert (J.B.) Pritzker","$3.4 B","52","hotels, investments","United States"
"577","#564","Enrique Razon, Jr.","$3.4 B","57","ports","Philippines"
"578","#564","Sun Guangxin","$3.4 B","54","diversified","China"
"579","#564","Tony Tan Caktiong","$3.4 B","64","fast food","Philippines"
"580","#564","Yu Yong","$3.4 B","56","mining","China"
"581","#581","Arthur Blank","$3.3 B","74","Home Depot","United States"
"582","#581","Rainer Blickle","$3.3 B","69","auto parts","Germany"
"583","#581","Alain Bouchard","$3.3 B","68","retail","Canada"
"584","#581","Bernard Broermann","$3.3 B","73","hospitals","Germany"
"585","#581","Alejandro Bulgheroni","$3.3 B","-","oil & gas","Argentina"
"586","#581","John Catsimatidis","$3.3 B","68","oil, real estate","United States"
"587","#581","Jaran Chiaravanont","$3.3 B","87","diversified","Thailand"
"588","#581","Abilio dos Santos Diniz","$3.3 B","80","retail","Brazil"
"589","#581","Gustaf Douglas","$3.3 B","79","investments","Sweden"
"590","#581","Walter Faria","$3.3 B","62","beer","Brazil"
"591","#581","Miguel Fluxa Rossello","$3.3 B","78","hotels","Spain"
"592","#581","Tom Gores","$3.3 B","52","private equity","United States"
"593","#581","Montri Jiaravanont","$3.3 B","86","diversified","Thailand"
"594","#581","Johan Johannson","$3.3 B","50","grocery stores","Norway"
"595","#581","Edwin Leong","$3.3 B","65","real estate","Hong Kong"
"596","#581","Lin Xiucheng","$3.3 B","61","electronics","China"
"597","#581","Qiu Guanghe","$3.3 B","65","fashion retail","China"
"598","#581","David Rockefeller, Sr.","$3.3 B","101","real estate, investments","United States"
"599","#581","Shaul Shani","$3.3 B","62","telecom","Israel"
"600","#581","Shi Yuzhu","$3.3 B","54","online games, investments","China"
"601","#581","Alexander Svetakov","$3.3 B","49","banking, real estate","Russia"
"602","#581","Wang Yusuo","$3.3 B","53","natural gas distribution","China"
"603","#603","Anil Agarwal","$3.2 B","63","mining, metals","India"
"604","#603","Patrizio Bertelli","$3.2 B","71","luxury goods","Italy"
"605","#603","Kapil & Rahul Bhatia","$3.2 B","-","airlines","India"
"606","#603","Neil Bluhm","$3.2 B","79","real estate","United States"
"607","#603","Chey Tae-Won","$3.2 B","56","IT, telecom","South Korea"
"608","#603","Jack & Laura Dangermond","$3.2 B","71","mapping software","United States"
"609","#603","Kuldip Singh & Gurbachan Singh Dhingra","$3.2 B","-","paints","India"
"610","#603","Bennett Dorrance","$3.2 B","71","Campbell Soup","United States"
"611","#603","Lindsay Fox","$3.2 B","79","logistics, real estate","Australia"
"612","#603","Amos Hostetter, Jr.","$3.2 B","80","cable television","United States"
"613","#603","Jiang Bin","$3.2 B","50","acoustic components","China"
"614","#603","Ronald Lauder","$3.2 B","73","Estee Lauder","United States"
"615","#603","Sudhir & Samir Mehta","$3.2 B","-","diversified","India"
"616","#603","Jorge Moll Filho","$3.2 B","72","hospitals","Brazil"
"617","#603","Fernando Roberto Moreira Salles","$3.2 B","70","banking, minerals","Brazil"
"618","#603","Joao Moreira Salles","$3.2 B","55","banking, minerals","Brazil"
"619","#603","Pedro Moreira Salles","$3.2 B","57","banking, minerals","Brazil"
"620","#603","Walther Moreira Salles Junior","$3.2 B","61","banking, minerals","Brazil"
"621","#603","Michael Moritz","$3.2 B","62","venture capital","United States"
"622","#603","Nie Tengyun","$3.2 B","41","logistics","China"
"623","#603","Daniel Och","$3.2 B","56","hedge funds","United States"
"624","#603","Miuccia Prada","$3.2 B","67","luxury goods","Italy"
"625","#603","Thomas Pritzker","$3.2 B","66","hotels, investments","United States"
"626","#603","Richard Schulze","$3.2 B","76","Best Buy","United States"
"627","#603","Lottie Tham","$3.2 B","67","H&M","Sweden"
"628","#603","Ye Chenghai","$3.2 B","73","pharmaceuticals","Hong Kong"
"629","#603","Zhang Xin","$3.2 B","51","real estate","China"
"630","#630","Riley Bechtel","$3.1 B","65","engineering, construction","United States"
"631","#630","Stephen Bechtel, Jr.","$3.1 B","91","engineering, construction","United States"
"632","#630","Rossana Camargo de Arruda Botelho","$3.1 B","67","construction","Brazil"
"633","#630","Andrew & Peggy Cherng","$3.1 B","-","restaurants","United States"
"634","#630","David Consunji","$3.1 B","95","construction","Philippines"
"635","#630","John Paul DeJoria","$3.1 B","73","hair products, tequila","United States"
"636","#630","Isabel dos Santos","$3.1 B","43","investments","Angola"
"637","#630","Andreas Halvorsen","$3.1 B","55","hedge funds","Norway"
"638","#630","Reid Hoffman","$3.1 B","49","LinkedIn","United States"
"639","#630","Viatcheslav Kantor","$3.1 B","63","fertilizer, real estate","Russia"
"640","#630","Marc Ladreit de Lacharriere","$3.1 B","76","finance","France"
"641","#630","Liu Zhongtian","$3.1 B","53","aluminum products","China"
"642","#630","Yusaku Maezawa","$3.1 B","41","online retail","Japan"
"643","#630","Sergio Mantegazza","$3.1 B","89","travel","Switzerland"
"644","#630","Ronald McAulay","$3.1 B","81","energy","Hong Kong"
"645","#630","Pawan Munjal","$3.1 B","63","motorcycles","India"
"646","#630","Renata de Camargo Nascimento","$3.1 B","66","construction","Brazil"
"647","#630","God Nisanov","$3.1 B","44","real estate","Russia"
"648","#630","Idan Ofer","$3.1 B","61","drilling, shipping","Israel"
"649","#630","Regina de Camargo Pires Oliveira Dias","$3.1 B","63","construction","Brazil"
"650","#630","Julio Ponce Lerou","$3.1 B","71","fertilizer","Chile"
"651","#630","Issad Rebrab","$3.1 B","73","food","Algeria"
"652","#630","Teddy Sagi","$3.1 B","45","gambling software","Israel"
"653","#630","Lynn Schusterman","$3.1 B","78","oil & gas, investments","United States"
"654","#630","Andreas Struengmann","$3.1 B","67","pharmaceuticals","Germany"
"655","#630","Thomas Struengmann","$3.1 B","67","pharmaceuticals","Germany"
"656","#630","Daniel Tsai","$3.1 B","60","finance","Taiwan"
"657","#630","Richard Tsai","$3.1 B","59","finance","Taiwan"
"658","#630","Simon Xie","$3.1 B","47","online payment service","China"
"659","#630","Yang Kai","$3.1 B","60","dairy products","China"
"660","#660","John Arnold","$3 B","43","hedge funds","United States"
"661","#660","Clifford Asness","$3 B","50","hedge funds","United States"
"662","#660","Edward Bass","$3 B","71","oil, investments","United States"
"663","#660","Leon G. Cooperman","$3 B","73","hedge funds","United States"
"664","#660","Andrew Currie","$3 B","61","chemicals","United Kingdom"
"665","#660","Antonio Del Valle Ruiz","$3 B","78","chemicals","Mexico"
"666","#660","Allan Goldman","$3 B","74","real estate","United States"
"667","#660","Jane Goldman","$3 B","61","real estate","United States"
"668","#660","Amy Goldman Fowler","$3 B","62","real estate","United States"
"669","#660","Tom Golisano","$3 B","75","payroll services","United States"
"670","#660","Zarakh Iliev","$3 B","50","real estate","Russia"
"671","#660","Diane Kemper","$3 B","71","real estate","United States"
"672","#660","Kenneth Langone","$3 B","81","investments","United States"
"673","#660","Samuel Tak Lee","$3 B","78","real estate","Hong Kong"
"674","#660","James Leprino","$3 B","79","cheese","United States"
"675","#660","Erwin Franz Mueller","$3 B","84","drug stores","Germany"
"676","#660","Henry Nicholas, III.","$3 B","57","semiconductors","United States"
"677","#660","Akio Nitori","$3 B","73","home furnishings","Japan"
"678","#660","Husnu Ozyegin","$3 B","72","finance, diversified","Turkey"
"679","#660","James Packer","$3 B","49","casinos","Australia"
"680","#660","Robert Pera","$3 B","39","wireless networking gear","United States"
"681","#660","Alexander Ponomarenko","$3 B","52","ports","Russia"
"682","#660","John Reece","$3 B","60","chemicals","United Kingdom"
"683","#660","Renzo Rosso","$3 B","61","fashion","Italy"
"684","#660","Haim Saban","$3 B","72","TV network, investments","United States"
"685","#660","Howard Schultz","$3 B","63","Starbucks","United States"
"686","#660","Bernard (Barry) Sherman","$3 B","75","pharmaceuticals","Canada"
"687","#660","B.R. Shetty","$3 B","75","healthcare","India"
"688","#660","Alexander Skorobogatko","$3 B","49","ports","Russia"
"689","#660","Romesh T. Wadhwani","$3 B","69","software","United States"
"690","#660","Oprah Winfrey","$3 B","63","TV shows","United States"
"691","#660","Xiao Wenge","$3 B","50","entertainment","China"
"692","#660","Jacky Xu","$3 B","45","apparel","St. Kitts and Nevis"
"693","#693","Anthony Bamford","$2.9 B","71","construction equipment","United Kingdom"
"694","#693","Lee Bass","$2.9 B","60","oil, investments","United States"
"695","#693","Jean Pierre Cayard","$2.9 B","74","spirits","France"
"696","#693","Jason Chang","$2.9 B","72","electronics","Singapore"
"697","#693","Edward DeBartolo, Jr.","$2.9 B","70","shopping centers","United States"
"698","#693","Bernard Ecclestone","$2.9 B","86","Formula One","United Kingdom"
"699","#693","Tilman Fertitta","$2.9 B","59","restaurants, casinos","United States"
"700","#693","Kieu Hoang","$2.9 B","72","medical products","United States"
"701","#693","Min Kao","$2.9 B","68","navigation equipment","United States"
"702","#693","Daryl Katz","$2.9 B","55","pharmacies","Canada"
"703","#693","Ke Zunhong","$2.9 B","62","pharmaceuticals","China"
"704","#693","Kurt Krieger","$2.9 B","69","furniture retailing","Germany"
"705","#693","Meisong Lai","$2.9 B","-","package delivery","China"
"706","#693","Douglas Leone","$2.9 B","59","venture capital","United States"
"707","#693","Daniel Loeb","$2.9 B","55","hedge funds","United States"
"708","#693","Park Hyeon-Joo","$2.9 B","58","mutual funds","South Korea"
"709","#693","Kjell Inge Rokke","$2.9 B","58","shipping, seafood","Norway"
"710","#693","Chanchai Ruayrungruang","$2.9 B","63","real estate","China"
"711","#693","Mark Shoen","$2.9 B","66","U-Haul","United States"
"712","#693","Juan-Miguel Villar Mir","$2.9 B","85","construction","Spain"
"713","#693","Zhang Fan","$2.9 B","51","biometrics","China"
"714","#693","Zhang Xiaojuan","$2.9 B","47","logistics","China"
"715","#693","Anita Zucker","$2.9 B","65","chemicals","United States"
"716","#693","Mortimer Zuckerman","$2.9 B","79","real estate, media","United States"
"717","#717","Sid Bass","$2.8 B","75","oil, investments","United States"
"718","#717","Yvonne Bauer","$2.8 B","40","media","Germany"
"719","#717","Jim Breyer","$2.8 B","55","venture capital","United States"
"720","#717","Do Won & Jin Sook Chang","$2.8 B","61","fashion retail","United States"
"721","#717","Chen Fashu","$2.8 B","56","investments","China"
"722","#717","Charles Cohen","$2.8 B","65","real estate","United States"
"723","#717","Rafael Del Pino y Calvo-Sotelo","$2.8 B","58","construction","Spain"
"724","#717","Barry Diller","$2.8 B","75","online media","United States"
"725","#717","Gao Tianguo","$2.8 B","65","real estate, finance","China"
"726","#717","Peter Hargreaves","$2.8 B","70","financial services","United Kingdom"
"727","#717","Hortensia Herrero","$2.8 B","66","supermarkets","Spain"
"728","#717","Heidi Horten","$2.8 B","76","retail","Austria"
"729","#717","Huang Shih Tsai","$2.8 B","65","real estate","Hong Kong"
"730","#717","B. Wayne Hughes","$2.8 B","83","self storage","United States"
"731","#717","Bernardo Matte","$2.8 B","61","paper","Chile"
"732","#717","Eliodoro Matte","$2.8 B","71","paper","Chile"
"733","#717","Patricia Matte","$2.8 B","73","paper","Chile"
"734","#717","Hans Melchers","$2.8 B","78","chemicals, investments","Netherlands"
"735","#717","John Middleton","$2.8 B","62","tobacco","United States"
"736","#717","A. Jerrold Perenchio","$2.8 B","86","television, Univision","United States"
"737","#717","Jorge Perez","$2.8 B","67","real estate","United States"
"738","#717","Prasert Prasarttong-Osoth","$2.8 B","84","hospitals","Thailand"
"739","#717","Gil Shwed","$2.8 B","49","software","Israel"
"740","#717","Herbert Simon","$2.8 B","82","real estate","United States"
"741","#717","Pat Stryker","$2.8 B","61","medical equipment","United States"
"742","#717","Tahir","$2.8 B","65","diversified","Indonesia"
"743","#717","Arne Wilhelmsen","$2.8 B","86","cruise ships","Norway"
"744","#717","William Wrigley, Jr.","$2.8 B","53","chewing gum","United States"
"745","#745","Anil Ambani","$2.7 B","57","diversified","India"
"746","#745","Carlo Benetton","$2.7 B","73","fashion retail, investments","Italy"
"747","#745","Gilberto Benetton","$2.7 B","75","fashion retail, investments","Italy"
"748","#745","Giuliana Benetton","$2.7 B","79","fashion retail, investments","Italy"
"749","#745","Luciano Benetton","$2.7 B","81","fashion retail, investments","Italy"
"750","#745","John Brown","$2.7 B","82","medical equipment","United States"
"751","#745","Cai Kui","$2.7 B","54","real estate","China"
"752","#745","Cao Longxiang","$2.7 B","59","pharmaceuticals","China"
"753","#745","Ashwin Dani","$2.7 B","74","paints","India"
"754","#745","Ray Davis","$2.7 B","75","pipelines","United States"
"755","#745","John Dorrance, III.","$2.7 B","73","Campbell Soup","Ireland"
"756","#745","Martin Haefner","$2.7 B","63","software, investments","Switzerland"
"757","#745","Otto Happel","$2.7 B","69","engineering","Germany"
"758","#745","Joshua Harris","$2.7 B","52","private equity","United States"
"759","#745","Jen-Hsun Huang","$2.7 B","54","semiconductors","United States"
"760","#745","Huang Wei","$2.7 B","57","real estate","China"
"761","#745","H. Wayne Huizenga","$2.7 B","79","investments","United States"
"762","#745","Johnelle Hunt","$2.7 B","85","trucking","United States"
"763","#745","Kwek Leng Beng","$2.7 B","76","real estate","Singapore"
"764","#745","Friedhelm Loh","$2.7 B","70","manufacturing","Germany"
"765","#745","Lu Xiangyang","$2.7 B","54","automobiles, batteries","China"
"766","#745","Mohamed Mansour","$2.7 B","69","diversified","Egypt"
"767","#745","Robert Miller","$2.7 B","71","electronics components","Canada"
"768","#745","David Murdock","$2.7 B","94","Dole, real estate","United States"
"769","#745","Sebastian Piera","$2.7 B","67","investments","Chile"
"770","#745","Carlos Rodriguez-Pastor","$2.7 B","58","finance","Peru"
"771","#745","Marc Rowan","$2.7 B","54","private equity","United States"
"772","#745","Stephan Schmidheiny","$2.7 B","69","investments","Switzerland"
"773","#745","Michael & Reiner Schmidt-Ruthenbeck","$2.7 B","-","retail","Germany"
"774","#745","Yasumitsu Shigeta","$2.7 B","52","mobile phone retailer","Japan"
"775","#745","Paul Singer","$2.7 B","72","hedge funds","United States"
"776","#745","Alexandre Soares dos Santos","$2.7 B","82","supermarkets","Portugal"
"777","#745","Michal Solowow","$2.7 B","54","investments","Poland"
"778","#745","Peter Thiel","$2.7 B","49","Facebook, Palantir","United States"
"779","#745","Rita Tong Liu","$2.7 B","68","real estate","Hong Kong"
"780","#745","Wang Xicheng","$2.7 B","68","tires","China"
"781","#745","Christoph Zeller","$2.7 B","59","dental implants","Liechtenstein"
"782","#782","Mohammed Al Issa","$2.6 B","92","investments","Saudi Arabia"
"783","#782","Carlos Ardila Llle","$2.6 B","86","soft drinks, diversified","Colombia"
"784","#782","Michael Ashley","$2.6 B","52","sports retailing","United Kingdom"
"785","#782","Tom Benson","$2.6 B","89","New Orleans Saints","United States"
"786","#782","Otto Philipp Braun","$2.6 B","39","medical technology","Germany"
"787","#782","Chung Eui-Sun","$2.6 B","46","logistics","South Korea"
"788","#782","Robert Duggan","$2.6 B","72","pharmaceuticals","United States"
"789","#782","Martin Ebner","$2.6 B","71","investments","Switzerland"
"790","#782","Doris Fisher","$2.6 B","85","Gap","United States"
"791","#782","Philippe Foriel-Destezet","$2.6 B","81","employment agency","France"
"792","#782","Fiona Geminder","$2.6 B","52","packaging","Australia"
"793","#782","Bill Haslam","$2.6 B","58","truck stops","United States"
"794","#782","Henry Hillman","$2.6 B","98","investments","United States"
"795","#782","Louis Le Duff","$2.6 B","70","bakeries","France"
"796","#782","Lei Jufang","$2.6 B","64","pharmaceuticals","China"
"797","#782","Scott Lin","$2.6 B","-","optical components","Taiwan"
"798","#782","Stephen Mandel, Jr.","$2.6 B","61","hedge funds","United States"
"799","#782","Najib Mikati","$2.6 B","61","telecom","Lebanon"
"800","#782","Taha Mikati","$2.6 B","72","telecom","Lebanon"
"801","#782","Robert Miller","$2.6 B","83","retail","United Kingdom"
"802","#782","Yoshiko Mori","$2.6 B","76","real estate","Japan"
"803","#782","Sean Parker","$2.6 B","37","Facebook","United States"
"804","#782","Karsanbhai Patel","$2.6 B","73","consumer goods","India"
"805","#782","Rajan Raheja","$2.6 B","62","diversified","India"
"806","#782","P.V. Ramprasad Reddy","$2.6 B","59","pharmaceuticals","India"
"807","#782","Dirk Rossmann","$2.6 B","70","drugstores","Germany"
"808","#782","Arkady Rotenberg","$2.6 B","65","construction, pipes, banking","Russia"
"809","#782","Svein Stole","$2.6 B","54","investments","Norway"
"810","#782","Lawrence Stroll","$2.6 B","57","fashion investments","Canada"
"811","#782","Tsai Hong-tu","$2.6 B","64","finance","Taiwan"
"812","#782","Hans Peter Wild","$2.6 B","75","flavorings","Switzerland"
"813","#782","Zhang Jing","$2.6 B","45","diversified","China"
"814","#814","John Arrillaga","$2.5 B","80","real estate","United States"
"815","#814","Acharya Balkrishna","$2.5 B","44","consumer goods","India"
"816","#814","Carl Bennet","$2.5 B","65","investments","Sweden"
"817","#814","George Bishop","$2.5 B","79","oil & gas","United States"
"818","#814","David Bonderman","$2.5 B","74","private equity","United States"
"819","#814","Eva Maria Bucher-Haefner","$2.5 B","60","Computer Associates","Switzerland"
"820","#814","Peter Buck","$2.5 B","86","Subway sandwich shops","United States"
"821","#814","William Conway, Jr.","$2.5 B","67","private equity","United States"
"822","#814","Smita Crishna-Godrej","$2.5 B","66","consumer goods","India"
"823","#814","Daniel D'Aniello","$2.5 B","70","private equity","United States"
"824","#814","Jim Davis","$2.5 B","57","staffing & recruiting","United States"
"825","#814","Kenneth Feld","$2.5 B","68","circus, live entertainment","United States"
"826","#814","Fu Liquan","$2.5 B","49","surveillance equipment","China"
"827","#814","Adi Godrej","$2.5 B","75","consumer goods","India"
"828","#814","Jamshyd Godrej","$2.5 B","68","consumer goods","India"
"829","#814","Nadir Godrej","$2.5 B","66","consumer goods","India"
"830","#814","Bill Gross","$2.5 B","73","investments","United States"
"831","#814","Caroline Hagen Kjos","$2.5 B","33","conglomerate","Norway"
"832","#814","Don Hankey","$2.5 B","73","auto loans","United States"
"833","#814","John Henry","$2.5 B","67","sports","United States"
"834","#814","James Irsay","$2.5 B","57","Indianapolis Colts","United States"
"835","#814","Alicia Koplowitz","$2.5 B","62","construction, investments","Spain"
"836","#814","Guenther Lehmann","$2.5 B","-","drug stores","Germany"
"837","#814","Li Gaiteng","$2.5 B","45","hair dryers","China"
"838","#814","Alexander Mamut","$2.5 B","57","investments","Russia"
"839","#814","Rishad Naoroji","$2.5 B","65","consumer goods","India"
"840","#814","Adam Neumann","$2.5 B","38","WeWork","Israel"
"841","#814","Philip Niarchos","$2.5 B","63","art collection","Greece"
"842","#814","Carolus Nolet, Sr.","$2.5 B","76","Ketel One vodka","Netherlands"
"843","#814","Bob Parsons","$2.5 B","66","web hosting","United States"
"844","#814","Jay Paul","$2.5 B","69","real estate","United States"
"845","#814","Richard Peery","$2.5 B","78","real estate","United States"
"846","#814","Jean (Gigi) Pritzker","$2.5 B","54","hotels, investments","United States"
"847","#814","Penny Pritzker","$2.5 B","57","hotels, investments","United States"
"848","#814","Chandru Raheja","$2.5 B","76","real estate","India"
"849","#814","Wilbur Ross, Jr.","$2.5 B","79","investments","United States"
"850","#814","David Rubenstein","$2.5 B","67","private equity","United States"
"851","#814","Phillip Ruffin","$2.5 B","82","casinos, real estate","United States"
"852","#814","Patrick Ryan","$2.5 B","79","insurance","United States"
"853","#814","Alvaro Saieh Bendeck","$2.5 B","67","banking","Chile"
"854","#814","E. Joe Shoen","$2.5 B","67","U-Haul","United States"
"855","#814","Thomas Siebel","$2.5 B","64","business software","United States"
"856","#814","Robert Smith","$2.5 B","54","private equity","United States"
"857","#814","Zygmunt Solorz-Zak","$2.5 B","60","TV broadcasting","Poland"
"858","#814","Warren Stephens","$2.5 B","60","investment banking","United States"
"859","#814","Jon Stryker","$2.5 B","58","medical equipment","United States"
"860","#814","Andrew Tan","$2.5 B","64","diversified","Philippines"
"861","#814","Mark Walter","$2.5 B","56","finance","United States"
"862","#814","Wang Xing","$2.5 B","44","e-commerce","China"
"863","#814","Ty Warner","$2.5 B","72","real estate, plush toys","United States"
"864","#814","Steve Wynn","$2.5 B","75","casinos, hotels","United States"
"865","#814","Michael Ying","$2.5 B","67","retail","Hong Kong"
"866","#814","Zhang Bangxin","$2.5 B","37","after-school tutoring","China"
"867","#867","Faisal Bin Qassim Al Thani","$2.4 B","69","hotels, diversified","Qatar"
"868","#867","Semahat Sevim Arsel","$2.4 B","88","diversified","Turkey"
"869","#867","Tatiana Casiraghi","$2.4 B","33","beer","Monaco"
"870","#867","Hasmukh Chudgar","$2.4 B","83","pharmaceuticals","India"
"871","#867","Aloysio de Andrade Faria","$2.4 B","96","banking","Brazil"
"872","#867","Judy Faulkner","$2.4 B","73","health IT","United States"
"873","#867","Fong Yun Wah","$2.4 B","92","real estate","Hong Kong"
"874","#867","Baba Kalyani","$2.4 B","68","engineering","India"
"875","#867","Igor Kesaev","$2.4 B","50","tobacco distribution, retail","Russia"
"876","#867","Raj Kumar & Kishin RK","$2.4 B","62","real estate","Singapore"
"877","#867","Kuok Khoon Hong","$2.4 B","67","palm oil","Singapore"
"878","#867","Manuel Lao Hernandez","$2.4 B","72","gambling","Spain"
"879","#867","Li Wa","$2.4 B","51","real estate","Hong Kong"
"880","#867","C. Dean Metropoulos","$2.4 B","70","investments","United States"
"881","#867","Alexander Nesis","$2.4 B","54","metals, banking, fertilizers","Russia"
"882","#867","Kazuo Okada","$2.4 B","74","casinos","Japan"
"883","#867","John Pritzker","$2.4 B","64","hotels, investments","United States"
"884","#867","Qiu Jianping","$2.4 B","55","hand tools","China"
"885","#867","Julio Mario Santo Domingo, III.","$2.4 B","31","beer","United States"
"886","#867","Thomas Secunda","$2.4 B","62","Bloomberg LP","United States"
"887","#867","Shen Guojun","$2.4 B","54","retail","China"
"888","#867","Alexander Spanos","$2.4 B","93","real estate, San Diego Chargers","United States"
"889","#867","Sarik Tara","$2.4 B","86","construction","Turkey"
"890","#867","Clemens Toennies","$2.4 B","60","meat processing","Germany"
"891","#867","Hanni Toosbuy Kasprzak","$2.4 B","59","shoes","Denmark"
"892","#867","Sunil Vaswani","$2.4 B","53","diversified","United Kingdom"
"893","#867","Radovan Vitek","$2.4 B","45","real estate","Czech Republic"
"894","#867","Pham Nhat Vuong","$2.4 B","48","real estate","Vietnam"
"895","#867","Denise York","$2.4 B","66","San Francisco 49ers","United States"
"896","#896","Charles Bronfman","$2.3 B","85","liquor","Canada"
"897","#896","Nick Caporella","$2.3 B","81","beverages","United States"
"898","#896","Chan Tan Ching-fen","$2.3 B","-","real estate","Hong Kong"
"899","#896","Chu Mang Yee","$2.3 B","57","real estate","China"
"900","#896","Scott Cook","$2.3 B","64","software","United States"
"901","#896","Radhakishan Damani","$2.3 B","62","investments, retail","India"
"902","#896","Eduardo Eurnekian","$2.3 B","84","airports, investments","Argentina"
"903","#896","Feng Hailiang","$2.3 B","56","copper, real estate","China"
"904","#896","Gerald Ford","$2.3 B","72","banking","United States"
"905","#896","Bernard Fraisse","$2.3 B","60","pharmaceuticals","France"
"906","#896","Mitchell Goldhar","$2.3 B","55","real estate","Canada"
"907","#896","Noam Gottesman","$2.3 B","55","hedge funds","United States"
"908","#896","Stein Erik Hagen","$2.3 B","60","consumer goods","Norway"
"909","#896","Stanley Hubbard","$2.3 B","83","DirecTV","United States"
"910","#896","Erman Ilicak","$2.3 B","49","construction","Turkey"
"911","#896","Jiang Rensheng","$2.3 B","63","vaccine production","China"
"912","#896","Saleh Kamel","$2.3 B","76","banking, healthcare","Saudi Arabia"
"913","#896","Lee Joong-Keun","$2.3 B","76","construction, real estate","South Korea"
"914","#896","Bernard Lewis","$2.3 B","91","fashion retailer","United Kingdom"
"915","#896","Liang Xinjun","$2.3 B","49","conglomerate","China"
"916","#896","Rudolf Maag","$2.3 B","71","medical devices","Switzerland"
"917","#896","Farhad Moshiri","$2.3 B","61","diversified","United Kingdom"
"918","#896","Vadim Moshkovich","$2.3 B","50","agriculture, land","Russia"
"919","#896","Stefan Olsson","$2.3 B","68","diversified","Sweden"
"920","#896","Nicolas Puech","$2.3 B","74","Hermes","France"
"921","#896","Qi Shi","$2.3 B","47","financial information","China"
"922","#896","Krit Ratanarak","$2.3 B","70","media, real estate","Thailand"
"923","#896","Jeff Rothschild","$2.3 B","62","Facebook","United States"
"924","#896","Michael Rubin","$2.3 B","44","online retail","United States"
"925","#896","Mikail Shishkhanov","$2.3 B","44","oil, banking, real estate","Russia"
"926","#896","Sit Kwong Lam","$2.3 B","49","oil, transportation","Hong Kong"
"927","#896","Song Zuowen","$2.3 B","70","aluminum, diversified","China"
"928","#896","Tang Yiu","$2.3 B","83","fashion retail","Hong Kong"
"929","#896","Tsai Cheng-da","$2.3 B","-","finance","Taiwan"
"930","#896","Ted Turner","$2.3 B","78","cable television","United States"
"931","#896","Bulat Utemuratov","$2.3 B","59","mining, banking, hotels","Kazakhstan"
"932","#896","Meg Whitman","$2.3 B","60","eBay","United States"
"933","#896","Chip Wilson","$2.3 B","60","Lululemon","Canada"
"934","#896","Xu Jingren","$2.3 B","72","pharmaceuticals","China"
"935","#896","Jerry Yang","$2.3 B","48","Yahoo","United States"
"936","#896","Yuan Yafei","$2.3 B","53","retail, investments","China"
"937","#896","Zhou Yaoting","$2.3 B","74","apparel, real estate","China"
"938","#896","Zhu Gongshan","$2.3 B","59","solar panel materials","China"
"939","#939","Isak Andic","$2.2 B","63","fashion retail","Spain"
"940","#939","George Argyros","$2.2 B","80","real estate, investments","United States"
"941","#939","Ron Baron","$2.2 B","73","money management","United States"
"942","#939","Nikolai Buinov","$2.2 B","49","oil, gas","Russia"
"943","#939","John Caudwell","$2.2 B","64","mobile phones","United Kingdom"
"944","#939","Jose Luis Cutrale","$2.2 B","70","orange juice","Brazil"
"945","#939","Ennio Doris","$2.2 B","76","financial services","Italy"
"946","#939","Du Jiangtao","$2.2 B","47","chemicals","China"
"947","#939","Fang Wei","$2.2 B","43","steel","China"
"948","#939","John Fisher","$2.2 B","55","Gap","United States"
"949","#939","Joseph Grendys","$2.2 B","55","poultry","United States"
"950","#939","Bahaa Hariri","$2.2 B","50","real estate, investments, logistics","Lebanon"
"951","#939","Hui Lin Chit","$2.2 B","63","hygiene products","China"
"952","#939","Rakesh Jhunjhunwala","$2.2 B","56","investments","India"
"953","#939","Brad Kelley","$2.2 B","60","tobacco","United States"
"954","#939","Mustafa Rahmi Koc","$2.2 B","86","diversified","Turkey"
"955","#939","Karel Komarek","$2.2 B","48","oil & gas","Czech Republic"
"956","#939","Thomas Lee","$2.2 B","73","private equity","United States"
"957","#939","Jeffrey Lorberbaum","$2.2 B","62","flooring","United States"
"958","#939","Joe Mansueto","$2.2 B","60","investment research","United States"
"959","#939","Marius Nacht","$2.2 B","51","software","Israel"
"960","#939","Hans Georg Naeder","$2.2 B","55","prosthetics","Germany"
"961","#939","Daniel Pritzker","$2.2 B","57","hotels, investments","United States"
"962","#939","Stewart Rahr","$2.2 B","71","drug distribution","United States"
"963","#939","Ren Zhengfei","$2.2 B","73","telecom equipment","China"
"964","#939","Helena Revoredo","$2.2 B","70","private security","Spain"
"965","#939","Seo Jung-Jin","$2.2 B","59","biotech","South Korea"
"966","#939","Dan Snyder","$2.2 B","52","Washington Redskins","United States"
"967","#939","Charlotte Soderstrom","$2.2 B","40","H&M","Sweden"
"968","#939","Ralph Sonnenberg","$2.2 B","82","blinds","Netherlands"
"969","#939","Sun Xishuang","$2.2 B","63","real estate","China"
"970","#939","Sze Man Bok","$2.2 B","67","hygiene products","China"
"971","#939","Wu Jianshu","$2.2 B","53","auto parts","Hong Kong"
"972","#939","Xue Xiangdong","$2.2 B","58","software","China"
"973","#973","S. Daniel Abraham","$2.1 B","92","Slim-Fast","United States"
"974","#973","Saif Al Ghurair","$2.1 B","93","diversified","United Arab Emirates"
"975","#973","Emilio Azcarraga Jean","$2.1 B","49","TV broadcasting","Mexico"
"976","#973","Miriam Baumann-Blocher","$2.1 B","42","chemicals","Switzerland"
"977","#973","Koos Bekker","$2.1 B","64","media, investments","South Africa"
"978","#973","Mike Cannon-Brookes","$2.1 B","37","software","Australia"
"979","#973","Demetrio Carceller Coll","$2.1 B","-","gas, beer","Portugal"
"980","#973","Chen Bang","$2.1 B","51","hospitals","China"
"981","#973","Chen Dongsheng","$2.1 B","59","insurance","China"
"982","#973","Tony Chen","$2.1 B","48","eletronics","Taiwan"
"983","#973","Todd Christopher","$2.1 B","54","hair care products","United States"
"984","#973","James Coulter","$2.1 B","57","private equity","United States"
"985","#973","Ding Shijia","$2.1 B","53","sportswear","China"
"986","#973","Ding Shizhong","$2.1 B","46","sports apparel","China"
"987","#973","Hedda im Brahm Droege","$2.1 B","62","consulting","Germany"
"988","#973","Scott Farquhar","$2.1 B","37","software","Australia"
"989","#973","Rakesh Gangwal","$2.1 B","63","airline","United States"
"990","#973","Gordon Getty","$2.1 B","83","Getty Oil","United States"
"991","#973","Sam Goi","$2.1 B","68","frozen foods","Singapore"
"992","#973","Alec Gores","$2.1 B","64","private equity","United States"
"993","#973","Gudrun Heine","$2.1 B","62","medical devices","Germany"
"994","#973","Michael Hintze","$2.1 B","63","investment","Australia"
"995","#973","Christopher Hohn","$2.1 B","50","Hedge fund","United Kingdom"
"996","#973","Jiang Weiping","$2.1 B","62","chemicals","China"
"997","#973","Vladimir Kim","$2.1 B","56","mining","Kazakhstan"
"998","#973","Timur Kulibaev","$2.1 B","50","banking","Kazakhstan"
"999","#973","Dinara Kulibaeva","$2.1 B","49","banking","Kazakhstan"
"1000","#973","Heikki Kyostila","$2.1 B","71","dental products","Finland"
"1001","#973","Edward Lampert","$2.1 B","54","Sears","United States"
"1002","#973","Lau Cho Kun","$2.1 B","82","palm oil,property","Malaysia"
"1003","#973","Lee Jay-Hyun","$2.1 B","57","food products, entertainment","South Korea"
"1004","#973","Peter Lim","$2.1 B","63","investments","Singapore"
"1005","#973","Igor Makarov","$2.1 B","55","gas","Russia"
"1006","#973","Daniel Mate","$2.1 B","53","mining, commodities","Spain"
"1007","#973","Kiran Mazumdar-Shaw","$2.1 B","64","biotech","India"
"1008","#973","Aristotelis Mistakidis","$2.1 B","55","mining, commodities","Greece"
"1009","#973","Arturo Moreno","$2.1 B","70","billboards, Anaheim Angels","United States"
"1010","#973","Ni Zugen","$2.1 B","60","appliances","China"
"1011","#973","Maja Oeri","$2.1 B","62","Roche Holding","Switzerland"
"1012","#973","Ong Beng Seng and Christina Ong","$2.1 B","72","diversified","Singapore"
"1013","#973","Karl-Johan Persson","$2.1 B","42","H&M","Sweden"
"1014","#973","Tom Persson","$2.1 B","32","H&M","Sweden"
"1015","#973","Peter Peterson","$2.1 B","90","investments","United States"
"1016","#973","Murdaya Poo","$2.1 B","76","diversified","Indonesia"
"1017","#973","Ferit Faik Sahenk","$2.1 B","53","banking, media","Turkey"
"1018","#973","Erik Selin","$2.1 B","49","real estate","Sweden"
"1019","#973","Mark Stevens","$2.1 B","57","venture capital","United States"
"1020","#973","Sybill Storz","$2.1 B","80","medical devices","Germany"
"1021","#973","Torbjorn Tornqvist","$2.1 B","63","oil trading","Sweden"
"1022","#973","T.Y. Tsai","$2.1 B","-","finance","Taiwan"
"1023","#973","Wu Zhigang","$2.1 B","82","bakery chain","China"
"1024","#973","Xie Zhikun","$2.1 B","56","investments","China"
"1025","#973","Yeoh Tiong Lay","$2.1 B","87","construction, property, power","Malaysia"
"1026","#973","William Young","$2.1 B","76","plastics","United States"
"1027","#973","Zhang Li","$2.1 B","64","real estate","China"
"1028","#973","Zhao Yan","$2.1 B","50","real estate, finance","China"
"1029","#973","Zhou Chengjian","$2.1 B","51","fashion retail","China"
"1030","#1030","Juan Abello","$2 B","75","investments","Spain"
"1031","#1030","Igor Altushkin","$2 B","46","metals","Russia"
"1032","#1030","Hubertus Benteler","$2 B","70","auto parts","Germany"
"1033","#1030","Pierre Chen","$2 B","59","art, electronics","Taiwan"
"1034","#1030","James Clark","$2 B","73","Netscape, investments","United States"
"1035","#1030","Dermot Desmond","$2 B","66","finance","Ireland"
"1036","#1030","Bergit Douglas","$2 B","70","consumer goods","Germany"
"1037","#1030","Glenn Dubin","$2 B","60","hedge funds","United States"
"1038","#1030","Frank Fertitta, III.","$2 B","55","casinos, mixed martial arts","United States"
"1039","#1030","Lorenzo Fertitta","$2 B","48","casinos, mixed martial arts","United States"
"1040","#1030","Carlo Fidani","$2 B","62","real estate","Canada"
"1041","#1030","James France","$2 B","72","Nascar, racing","United States"
"1042","#1030","Peter Gilgan","$2 B","66","homebuilding","Canada"
"1043","#1030","Alexandre Grendene Bartelle","$2 B","67","shoes","Brazil"
"1044","#1030","David Hains","$2 B","86","finance","Australia"
"1045","#1030","W. Herbert Hunt","$2 B","88","oil","United States"
"1046","#1030","Bruce Karsh","$2 B","61","private equity","United States"
"1047","#1030","Kei Hoi Pang","$2 B","51","real estate","China"
"1048","#1030","Danil Khachaturov","$2 B","45","insurance, banking, real estate","Russia"
"1049","#1030","Osman Kibar","$2 B","46","biotech","United States"
"1050","#1030","Suna Kirac","$2 B","75","diversified","Turkey"
"1051","#1030","Daniel Kretinsky","$2 B","41","energy generation","Czech Republic"
"1052","#1030","Lam Kong","$2 B","52","pharmaceuticals","China"
"1053","#1030","Herman Langness","$2 B","-","food wholesale and retail","Germany"
"1054","#1030","Maritsa Lazari","$2 B","72","real estate","United Kingdom"
"1055","#1030","Li Sze Lim","$2 B","60","real estate","Hong Kong"
"1056","#1030","Li Zhongchu","$2 B","53","software","China"
"1057","#1030","Liao Long-Shing","$2 B","64","petrochemicals","Taiwan"
"1058","#1030","Suhon Lin","$2 B","88","petrochemicals","Taiwan"
"1059","#1030","Vincent Lo","$2 B","68","real estate","Hong Kong"
"1060","#1030","Mangal Prabhat Lodha","$2 B","61","real estate","India"
